Shape,b_1(mm),d_1(mm),d_avg(mm),rho_avg(%),$b^* [mm]$,$b^*/d_{avg}$,f_c(MPa),f_y(MPa),V_u(kN),b_o (mm),$f_y * rho_{avg} [MPa]$,lamda,lamdas,beta,$ACI_a [psi]$,$ACI_b [psi]$,$ACI_c [psi]$,$ACI_{min} [psi]$,$ACI_{min} [MPa]$,ACI_$V_c [kN]$
C,51,51,38.1,0.020138414,39.8982267,1.047197551,13.14588843,550,24,220.0685654,11.0761277,0.75,1,1,130.9957262,196.4935894,292.287962,130.9957262,0.903184093,7.572842774
S,76,76,29.972,0.0177,76.2,2.542372881,26.332005,396,31,423.888,7.0092,0.85,1,1,210.1172861,315.1759291,253.6270219,210.1172861,1.448708259,18.40549297
C,102,102,38.1,0.020138414,79.7964534,2.094395102,13.14588843,550,33,380.2897907,11.0761277,0.75,1,1,130.9957262,196.4935894,196.7382301,130.9957262,0.903184093,13.0862615
S,76,76,31.75,0.0098,76.2,2.4,28.008869,332,34,431,3.2536,0.85,1,1,216.7043376,325.0565065,267.9893549,216.7043376,1.494124399,20.44595636
C,102,102,38.1,0.020138414,79.7964534,2.094395102,13.14588843,550,34,380.2897907,11.0761277,0.75,1,1,130.9957262,196.4935894,196.7382301,130.9957262,0.903184093,13.0862615
C,51,51,38.1,0.020138414,39.8982267,1.047197551,13.14588843,550,35,220.0685654,11.0761277,0.75,1,1,130.9957262,196.4935894,292.287962,130.9957262,0.903184093,7.572842774
C,102,102,38.1,0.020138414,79.7964534,2.094395102,13.14588843,550,36,380.2897907,11.0761277,0.75,1,1,130.9957262,196.4935894,196.7382301,130.9957262,0.903184093,13.0862615
S,100,100,35,0.006904599,100,2.857142857,35.325,530,38,540,3.65943747,1,1,1,286.3136001,429.4704001,328.7304297,286.3136001,1.974063557,37.30977304
C,76,76,38.1,0.013089969,59.84734005,1.570796327,18.9302225,386,39,298.6083817,5.052728034,0.75,1,1,157.1954659,235.7931988,279.1663579,157.1954659,1.08382501,12.33064544
S,76,76,38.1,0.013089969,76.2,2,26.201,303,43,456.4,3.966260607,0.85,1,1,209.5939545,314.3909318,279.7647614,209.5939545,1.445100014,25.12859394
S,100,100,40.5,0.005171346,100,2.469135802,28.05,530,44,562,2.74081338,0.85,1,1,216.8633943,325.2950915,264.7122571,216.8633943,1.495221057,34.03270075
S,114,114,38.1,0.013089969,114.3,3,21.8123325,303,47,608.4,3.966260607,0.75,1,1,168.7381217,253.1071826,190.0383975,168.7381217,1.163408852,26.96784335
S,100,100,40.5,0.005585054,100,2.469135802,28.8,530,49,562,2.96007862,0.85,1,1,219.7435125,329.6152687,268.2278462,219.7435125,1.51507878,34.48468205
S,100,100,40.5,0.006018377,100,2.469135802,31.875,530,49,562,3.18973981,0.85,1,1,231.1771551,346.7657327,282.1842143,231.1771551,1.593911002,36.2789809
C,152,152,38.1,0.020138414,119.6946801,3.141592654,13.14588843,550,49,537.3694234,11.0761277,0.75,1,1,130.9957262,196.4935894,158.3750711,130.9957262,0.903184093,18.49157397
S,76,76,38.1,0.026179939,76.2,2,22.0743425,318,50,456.4,8.325220602,0.75,1,1,169.7485387,254.622808,226.5793378,169.7485387,1.170375435,20.35145579
S,152,152,38.1,0.013089969,152.4,4,19.7162525,296,51,760.4,3.874630824,0.75,1,1,160.4258473,240.6387709,160.5946277,160.4258473,1.106097715,32.04499814
S,100,100,40.5,0.006912195,100,2.469135802,31.875,530,52,562,3.66346335,0.85,1,1,231.1771551,346.7657327,282.1842143,231.1771551,1.593911002,36.2789809
S,100,100,40.5,0.008024502,100,2.469135802,28.05,530,55,562,4.25298606,0.85,1,1,216.8633943,325.2950915,264.7122571,216.8633943,1.495221057,34.03270075
S,100,100,40.5,0.008213314,100,2.469135802,32.625,530,56,562,4.35305642,0.85,1,1,233.8810734,350.8216101,285.4847266,233.8810734,1.61255387,36.70331089
S,100,100,40.5,0.006912195,100,2.469135802,28.8,530,57,562,3.66346335,0.85,1,1,219.7435125,329.6152687,268.2278462,219.7435125,1.51507878,34.48468205
S,100,100,40.5,0.00883711,100,2.469135802,32.625,530,57,562,4.6836683,0.85,1,1,233.8810734,350.8216101,285.4847266,233.8810734,1.61255387,36.70331089
S,100,100,35,0.012822827,100,2.857142857,35.325,530,57,540,6.79609831,1,1,1,286.3136001,429.4704001,328.7304297,286.3136001,1.974063557,37.30977304
C,114,114,38.1,0.013089969,89.77101008,2.35619449,20.9608,296,58,417.9889026,3.874630824,0.75,1,1,165.4116459,248.1174688,233.479771,165.4116459,1.1404736,18.16245852
C,100,100,55,0.003499992,78.53981634,1.427996661,38.95,448,60,400.5530633,1.567996416,1,1,1,300.6454417,450.9681625,563.1394187,300.6454417,2.072878165,45.66633894
S,51,51,63.5,0.008726646,50.8,0.8,21.87,376,64,458,3.281218896,0.75,1,1,168.9610296,253.4415445,318.738711,168.9610296,1.164945749,33.88009161
S,100,100,40.5,0.010266643,100,2.469135802,32.625,530,66,562,5.44132079,0.85,1,1,233.8810734,350.8216101,285.4847266,233.8810734,1.61255387,36.70331089
S,100,100,46.5,0.006909661,100,2.150537634,27,530,66,586,3.66212033,0.85,1,1,212.765741,319.1486116,275.2157538,212.765741,1.466968721,39.97340046
S,100,100,40.5,0.011081456,100,2.469135802,28.05,530,67,562,5.87317168,0.85,1,1,216.8633943,325.2950915,264.7122571,216.8633943,1.495221057,34.03270075
S,152,152,38.1,0.026179939,152.4,4,20.567785,411,69,760.4,10.75995493,0.75,1,1,163.8535737,245.7803605,164.0259604,163.8535737,1.129731066,32.7296851
S,51,51,60.8,0.018512592,50.8,0.835526316,19.2375,376,71,447.2,6.960734592,0.75,1,1,158.4661375,237.6992062,294.6789801,158.4661375,1.092585986,29.70712829
S,100,100,40.5,0.011635528,100,2.469135802,27.825,530,71,562,6.16682984,0.85,1,1,215.9918701,323.9878052,263.6484394,215.9918701,1.489212107,33.89593114
S,100,100,40.5,0.012928365,100,2.469135802,27.825,530,71,562,6.85203345,0.85,1,1,215.9918701,323.9878052,263.6484394,215.9918701,1.489212107,33.89593114
C,154,154,38.1,0.013089969,120.8916269,3.17300858,21.05905375,387,73,543.6526087,5.065818003,0.75,1,1,165.7988762,248.6983143,199.0938071,165.7988762,1.143143459,23.67810051
S,100,100,35,0.019703369,100,2.857142857,28.95,530,73,540,10.44278557,0.85,1,1,220.315018,330.472527,252.9542799,220.315018,1.519019174,28.70944068
S,229,229,38.1,0.013089969,228.6,6,20.1092675,296,78,1068.4,3.874630824,0.75,1,1,162.0168863,243.0253295,138.7849629,138.7849629,0.956889011,38.95113292
S,102,102,63.5,0.008726646,101.6,1.6,19.575,376,78,662,3.281218896,0.75,1,1,159.8501475,239.7752212,233.2556533,159.8501475,1.102128403,46.33013666
C,102,102,38.1,0.020138414,79.7964534,2.094395102,13.14588843,550,78,380.2897907,11.0761277,0.75,1,1,130.9957262,196.4935894,196.7382301,130.9957262,0.903184093,13.0862615
S,100,100,40.5,0.01454441,100,2.469135802,27.825,530,79,562,7.7085373,0.85,1,1,215.9918701,323.9878052,263.6484394,215.9918701,1.489212107,33.89593114
S,229,229,38.1,0.026179939,228.6,6,19.5852475,396,80,1068.4,10.36725584,0.75,1,1,159.8919827,239.8379741,136.9647535,136.9647535,0.944339104,38.44027627
C,100,100,60,0.0069,78.53981634,1.308996939,27.975,250,82,408.407045,1.725,0.85,1,1,216.573276,324.8599139,426.4593218,216.573276,1.49322076,36.59048504
C,100,100,60,0.0069,78.53981634,1.308996939,26.025,250,82,408.407045,1.725,0.85,1,1,208.8888156,313.3332233,411.3276775,208.8888156,1.44023825,35.29218019
C,114,114,38.1,0.01484309,89.77101008,2.35619449,42.7731325,321,82,417.9889026,4.76463189,1,1,1,315.0550324,472.5825487,444.7025264,315.0550324,2.172228835,34.5935374
S,76,76,63.5,0.008726646,76.2,1.2,20.7225,376,83,558,3.281218896,0.75,1,1,164.4686888,246.7030332,269.3985333,164.4686888,1.133972137,40.18000436
S,100,100,40.5,0.01994662,100,2.469135802,31.875,530,85,562,10.5717086,0.85,1,1,231.1771551,346.7657327,282.1842143,231.1771551,1.593911002,36.2789809
S,127,127,63.5,0.008726646,127,2,18.63,376,88,762,3.281218896,0.75,1,1,155.943969,233.9159535,207.925292,155.943969,1.07519624,52.02548113
S,152,152,63.5,0.008726646,152.4,2.4,15.525,376,88,862,3.281218896,0.75,1,1,142.3567159,213.5350738,176.0467043,142.3567159,0.98151539,53.72516731
S,100,100,53.5,0.006863535,100,1.869158879,30.375,530,88,614,3.63767355,0.85,1,1,225.6721474,338.5082212,309.4722282,225.6721474,1.555955295,51.11153687
S,305,305,38.1,0.013089969,304.8,8,19.4542425,295,90,1372.4,3.861540855,0.75,1,1,159.3563297,239.0344945,123.9180086,123.9180086,0.854384929,44.67442135
S,100,100,46.5,0.012937238,100,2.150537634,27,530,90,586,6.85673614,0.85,1,1,212.765741,319.1486116,275.2157538,212.765741,1.466968721,39.97340046
C,100,100,60,0.0106,78.53981634,1.308996939,24.75,250,94,408.407045,2.65,0.85,1,1,203.7076881,305.5615321,401.1254025,203.7076881,1.404515619,34.41681841
C,224,224,38.1,0.013089969,175.9511797,4.618141201,24.4324325,392,96,763.5640945,5.131267848,0.85,1,1,202.3965811,303.5948716,202.1892852,202.1892852,1.394046596,40.55528296
C,154,154,38.1,0.026179939,121.091118,3.178244568,20.43678,379,97,543.6526087,9.922196881,0.75,1,1,163.3309134,244.9963701,196.13024,163.3309134,1.126127449,23.32564534
S,100,100,46.5,0.019614522,100,2.150537634,28.95,530,97,586,10.39569666,0.85,1,1,220.315018,330.472527,284.9808595,220.315018,1.519019174,41.39172218
C,100,100,60,0.0106,78.53981634,1.308996939,24.6,250,98,408.407045,2.65,0.85,1,1,203.0894539,304.6341809,399.9080237,203.0894539,1.400253043,34.31236652
C,119,119,82,0.0104,93.46238144,1.13978514,10.366,385,98,502.6548246,4.004,0.75,1,1,116.3235796,174.4853694,247.9248849,116.3235796,0.802023164,33.05752166
C,100,100,60,0.0156,78.53981634,1.308996939,24.75,250,100,408.407045,3.9,0.85,1,1,203.7076881,305.5615321,401.1254025,203.7076881,1.404515619,34.41681841
C,302,302,38.1,0.013089969,237.1949577,6.225589442,22.79487,386,101,1008.608321,5.052728034,0.75,1,1,172.4966701,258.7450051,151.4086455,151.4086455,1.043926272,40.11594452
C,100,100,60,0.0106,78.53981634,1.308996939,26.775,250,104,408.407045,2.65,0.85,1,1,211.8773625,317.8160437,417.2124926,211.8773625,1.460843564,35.79710113
C,100,100,60,0.0106,78.53981634,1.308996939,25.575,250,104,408.407045,2.65,0.85,1,1,207.0749854,310.6124781,407.7560237,207.0749854,1.427732326,34.98572999
S,102,102,60.8,0.018512592,101.6,1.671052632,19.1025,376,105,651.2,6.960734592,0.75,1,1,157.909137,236.8637055,226.3881608,157.909137,1.088745602,43.10662848
C,80,80,64,0.010471976,62.83185307,0.981747704,32.175,480,105,351.8583772,5.02654848,0.85,1,1,232.2624998,348.3937498,538.5966779,232.2624998,1.601394193,36.06166633
C,80,80,64,0.010471976,62.83185307,0.981747704,33.9,480,105,351.8583772,5.02654848,0.85,1,1,238.4073648,357.6110472,552.846089,238.4073648,1.643761563,37.01573368
C,152,152,80.79121,0.014994045,119.6946801,1.481531005,13.78124029,450,108,604.4286193,6.74732025,0.75,1,1,134.1239418,201.1859127,246.3393116,134.1239418,0.924752389,45.15795495
S,100,100,75,0.014959965,100,1.333333333,11.55,480,109,700,7.1807832,0.75,1,1,122.7872147,184.1808221,192.9513374,122.7872147,0.846588377,44.44585618
C,100,100,60,0.0156,78.53981634,1.308996939,27.225,250,113,408.407045,3.9,0.85,1,1,213.6504257,320.4756385,420.7038714,213.6504257,1.473068409,36.09666368
S,152,152,51,0.0167,152,2.980392157,11.11320755,352,113,812,5.8784,0.75,1,1,120.4430844,180.6646265,135.8692922,120.4430844,0.83042616,34.38958216
S,305,305,38.1,0.026179939,304.8,8,24.9564525,387,114,1372.4,10.13163639,0.85,1,1,204.555539,306.8333086,159.0656305,159.0656305,1.096719346,57.3457004
C,119,119,82,0.00736,93.46238144,1.13978514,8.875,456,117,502.6548246,3.35616,0.75,1,1,107.6332209,161.4498314,229.4027918,107.6332209,0.742105226,30.58784422
C,80,80,64,0.010471976,62.83185307,0.981747704,31.2,480,117,351.8583772,5.02654848,0.85,1,1,228.7162992,343.0744489,530.3733449,228.7162992,1.576943991,35.5110742
C,100,100,64,0.0292,78.53981634,1.22718463,26.25,250,118,414.6902303,7.3,0.85,1,1,209.7898498,314.6847748,428.6679345,209.7898498,1.446450665,38.38902439
S,100,100,60,0.011,100,1.666666667,37.05,382,120,640,4.202,1,1,1,293.2209515,439.8314273,421.5051178,293.2209515,2.021688088,77.63276389
S,152,152,51,0.022,152,2.980392157,13.62264151,352,123,812,7.744,0.75,1,1,133.3499386,200.0249078,150.429241,133.3499386,0.919415822,38.07481926
C,150,150,95,0.008726646,117.8097245,1.240102363,8.925,494,123,620.4645491,4.310963124,0.75,1,1,107.9359873,161.9039809,219.2299543,107.9359873,0.744192728,43.86576134
S,100,100,53.5,0.012890054,100,1.869158879,30.375,530,124,614,6.83172862,0.85,1,1,225.6721474,338.5082212,309.4722282,225.6721474,1.555955295,51.11153687
S,100,100,53.5,0.019573786,100,1.869158879,26.1,530,126,614,10.37410658,0.85,1,1,209.1895915,313.7843873,286.8691141,209.1895915,1.442312028,47.37847201
C,102,102,76.2,0.020138414,79.7964534,1.047197551,22.93161704,414,129,440.1371308,8.337303396,0.75,1,1,173.0133025,259.5199538,386.0408812,173.0133025,1.192885198,40.00748957
C,102,102,76.2,0.020138414,79.7964534,1.047197551,23.41631846,414,129,440.1371308,8.337303396,0.75,1,1,174.8322166,262.2483249,390.0993853,174.8322166,1.205426174,40.42809414
C,102,102,82.55,0.017523624,79.7964534,0.966643893,37.99145,531,129,450.1116874,9.305044344,1,1,1,296.9229914,445.384487,693.0150725,296.9229914,2.047212764,76.06765355
S,100,100,60,0.0195,100,1.666666667,37.05,382,135,640,7.449,1,1,1,293.2209515,439.8314273,421.5051178,293.2209515,2.021688088,77.63276389
S,152,152,60.8,0.018512592,152.4,2.506578947,18.225,376,136,851.2,6.960734592,0.75,1,1,154.2396121,231.3594182,187.2909576,154.2396121,1.063445108,55.03639055
C,102,102,76.2,0.020138414,79.7964534,1.047197551,21.48406281,414,136,440.1371308,8.337303396,0.75,1,1,167.4635767,251.195365,373.6578966,167.4635767,1.15462117,38.72417438
S,150,150,100,0.003528294,150,1.5,32.34,460,137,1000,1.62301524,0.85,1,1,232.8572831,349.2859247,349.2859247,232.8572831,1.605495082,160.5493868
C,102,102,82.55,0.017523624,79.7964534,0.966643893,37.99145,531,139,450.1116874,9.305044344,1,1,1,296.9229914,445.384487,693.0150725,296.9229914,2.047212764,76.06765355
C,102,102,82.55,0.017523624,79.7964534,0.966643893,37.99145,531,149,450.1116874,9.305044344,1,1,1,296.9229914,445.384487,693.0150725,296.9229914,2.047212764,76.06765355
S,100,100,100,0.005304952,100,1,34.3725,460,150,800,2.44027792,0.85,1,1,240.0630827,360.094624,420.1103946,240.0630827,1.65517734,132.4140871
C,51,51,130,0.00724359,39.8982267,0.306909436,24.89095,305,151,364.4247478,2.20929495,0.85,1,1,204.2869171,306.4303756,830.8892251,204.2869171,1.408509264,66.72838192
C,229,229,80,0.013368479,179.5420202,2.244275252,12.72817,372,152,845.0884238,4.973074188,0.75,1,1,128.8976915,193.3465373,186.4693945,128.8976915,0.888718648,60.08362189
C,221,221,82,0.01255,173.5729941,2.116743831,8.662,373,152,823.0972752,4.68115,0.75,1,1,106.3337783,159.5006674,159.1005386,106.3337783,0.733145881,49.48289353
C,152,152,72.5309,0.050105005,119.6946801,1.650257764,12.51053658,450,154,591.4533546,22.54725225,0.75,1,1,127.7909576,191.6864364,220.6076369,127.7909576,0.881087983,37.79745125
C,150,150,93,0.016249617,117.8097245,1.266771231,11.175,464,154,617.3229564,7.539822288,0.75,1,1,120.7774683,181.1662025,242.3405705,120.7774683,0.832731657,47.80795015
C,152,152,80.79121,0.014994045,119.6946801,1.481531005,23.75036944,450,160,604.4286193,6.74732025,0.75,1,1,176.0748555,264.1122833,323.3886367,176.0748555,1.213993871,59.28233458
S,201,201,82,0.00893,201,2.451219512,8.733,466,162,1132,4.16138,0.75,1,1,106.7686831,160.1530246,130.7256137,106.7686831,0.736144445,68.33182035
S,100,100,107,0.003670085,100,0.934579439,37.278,324,165,828,1.18910754,1,1,1,294.121786,441.1826791,527.1458098,294.121786,2.027899126,179.6636151
S,200,200,79,0.00750842,200,2.53164557,20.55,480,165,1116,3.6040416,0.75,1,1,163.7827161,245.6740742,197.830736,163.7827161,1.12924252,99.55846228
C,51,51,130,0.00724359,39.8982267,0.306909436,24.89095,305,166,364.4247478,2.20929495,0.85,1,1,204.2869171,306.4303756,830.8892251,204.2869171,1.408509264,66.72838192
S,100,100,60,0.0195,100,1.666666667,37.05,382,170,640,7.449,1,1,1,293.2209515,439.8314273,421.5051178,293.2209515,2.021688088,77.63276389
C,54,54,118,0.00841498,42.41150082,0.359419499,32.175,628,170,354.9999699,5.28460744,0.85,1,1,232.2624998,348.3937498,888.1587797,232.2624998,1.601394193,67.08234637
C,140,140,106,0.006668475,109.9557429,1.037318329,11.5395,350,172,606.3273821,2.33396625,0.75,1,1,122.7313897,184.0970845,275.928449,122.7313897,0.846203476,54.38605078
S,100,100,75,0.007479983,100,1.333333333,33.45,480,172,700,3.59039184,0.85,1,1,236.8197287,355.2295931,372.145288,236.8197287,1.632815193,85.72273284
S,150,150,100,0.005304952,150,1.5,33.15,460,174,1000,2.44027792,0.85,1,1,235.755365,353.6330475,353.6330475,235.755365,1.62547666,162.5475432
S,200,200,77,0.012046438,200,2.597402597,21.975,500,176,1108,6.023219,0.75,1,1,169.3661432,254.0492147,202.3833696,169.3661432,1.167738909,99.62673749
C,140,140,111,0.006368093,109.9557429,0.990592278,11.5395,350,177,614.1813638,2.22883255,0.75,1,1,122.7313897,184.0970845,283.1761413,122.7313897,0.846203476,57.68914336
C,140,140,110,0.006425985,109.9557429,0.999597663,11.5395,350,177,612.6105675,2.24909475,0.75,1,1,122.7313897,184.0970845,281.7414699,122.7313897,0.846203476,57.023208
S,100,100,75,0.015,100,1.333333333,27.645,382,180,700,5.73,0.85,1,1,215.2921106,322.9381659,338.3161738,215.2921106,1.484387433,77.93028132
C,229,229,80,0.013368479,179.5420202,2.244275252,13.70726,456,181,845.0884238,6.096026424,0.75,1,1,133.7634561,200.6451841,193.5084358,133.7634561,0.922266926,62.35172114
C,221,221,82,0.012,173.5729941,2.116743831,9.301,457,181,823.0972752,5.484,0.75,1,1,110.1861422,165.2792134,164.8645882,110.1861422,0.759707006,51.27560812
S,100,100,75,0.014959965,100,1.333333333,36.075,480,182,700,7.1807832,1,1,1,289.3370588,434.0055882,454.672521,289.3370588,1.99490958,104.7326738
C,140,140,101,0.006998597,109.9557429,1.088670722,11.5395,350,183,598.4734005,2.44950895,0.75,1,1,122.7313897,184.0970845,268.4905285,122.7313897,0.846203476,51.14941881
C,140,140,107,0.006606153,109.9557429,1.027623765,11.5395,350,183,607.8981785,2.31215355,0.75,1,1,122.7313897,184.0970845,277.3929698,122.7313897,0.846203476,55.04135245
C,100,100,80,0.017951958,78.53981634,0.981747704,37.5,550,183,439.8229715,9.8735769,1,1,1,294.9962712,442.4944067,684.0708756,294.9962712,2.033928491,71.56542372
C,120,120,101,0.007109686,94.24777961,0.933146333,23.925,678,183,535.6415474,4.820367108,0.75,1,1,176.7209873,265.0814809,421.5837061,176.7209873,1.218448794,65.91778175
S,100,100,107,0.00734017,100,0.934579439,37.743975,324,184,828,2.37821508,1,1,1,295.9543383,443.9315074,530.4302391,295.9543383,2.040534133,180.7830255
C,120,120,95.5,0.011748664,94.24777961,0.986887745,24,723,184,527.0021676,8.494284072,0.75,1,1,176.9977627,265.496644,409.2430334,176.9977627,1.220357094,61.41894823
S,100,100,75,0.014959965,100,1.333333333,26.4,480,185,700,7.1807832,0.85,1,1,210.3883956,315.5825934,330.6103359,210.3883956,1.450577494,76.1552609
C,140,140,106,0.006668475,109.9557429,1.037318329,11.5395,350,187,606.3273821,2.33396625,0.75,1,1,122.7313897,184.0970845,275.928449,122.7313897,0.846203476,54.38605078
S,200,200,100,0.007272205,200,2,20.52,507,188,1200,3.687007935,0.75,1,1,163.663123,245.4946845,218.2174974,163.663123,1.128417954,135.4100522
S,160,160,80,0.013962634,160,2,24.525,525,190,960,7.33038285,0.85,1,1,202.77963,304.169445,270.37284,202.77963,1.398116882,107.3752954
S,200,200,100,0.005304952,200,2,34.125,460,191,1200,2.44027792,0.85,1,1,239.1972312,358.7958469,318.9296416,239.1972312,1.649207502,197.9047507
S,200,200,77,0.009207482,200,2.597402597,30.3,500,194,1108,4.603741,0.85,1,1,225.3933677,338.0900515,269.3328689,225.3933677,1.554033176,132.5837942
S,100,100,107,0.010569844,100,0.934579439,23.019165,324,196,828,3.424629456,0.75,1,1,173.3432516,260.0148774,310.6780017,173.3432516,1.195160117,105.8863257
S,150,150,75,0.014959965,150,2,21.525,480,197,900,7.1807832,0.75,1,1,167.623049,251.4345735,223.4973986,167.623049,1.155720693,78.01108784
C,150,150,95,0.008726646,117.8097245,1.240102363,21.75,494,197,620.4645491,4.310963124,0.75,1,1,168.4968501,252.7452752,342.2357796,168.4968501,1.161745342,68.47801925
C,152,152,130,0.00724359,119.6946801,0.920728308,24.89095,305,198,681.7256058,2.20929495,0.85,1,1,204.2869171,306.4303756,491.7034075,204.2869171,1.408509264,124.8280938
C,140,140,111,0.006368093,109.9557429,0.990592278,11.5395,350,198,614.1813638,2.22883255,0.75,1,1,122.7313897,184.0970845,283.1761413,122.7313897,0.846203476,57.68914336
S,150,150,100,0.0055702,150,1.5,34.95,462,198,1000,2.5734324,0.85,1,1,242.071359,363.1070385,363.1070385,242.071359,1.669023923,166.9022662
C,152,152,130,0.00724359,119.6946801,0.920728308,24.89095,305,199,681.7256058,2.20929495,0.85,1,1,204.2869171,306.4303756,491.7034075,204.2869171,1.408509264,124.8280938
C,152,152,130,0.00724359,119.6946801,0.920728308,24.89095,305,200,681.7256058,2.20929495,0.85,1,1,204.2869171,306.4303756,491.7034075,204.2869171,1.408509264,124.8280938
C,152,152,130,0.00724359,119.6946801,0.920728308,24.89095,305,201,681.7256058,2.20929495,0.85,1,1,204.2869171,306.4303756,491.7034075,204.2869171,1.408509264,124.8280938
C,221,221,82,0.0121,173.5729941,2.116743831,16.046,559,201,823.0972752,6.7639,0.75,1,1,144.7256637,217.0884955,216.5438999,144.7256637,0.997848717,67.34872703
C,152,152,130,0.00724359,119.6946801,0.920728308,24.89095,305,202,681.7256058,2.20929495,0.85,1,1,204.2869171,306.4303756,491.7034075,204.2869171,1.408509264,124.8280938
S,200,200,100,0.010908308,200,2,19,507,202,1200,5.530512156,0.75,1,1,157.4849136,236.2273703,209.9798848,157.4849136,1.085820683,130.2983834
C,152,152,130,0.00724359,119.6946801,0.920728308,24.89095,305,203,681.7256058,2.20929495,0.85,1,1,204.2869171,306.4303756,491.7034075,204.2869171,1.408509264,124.8280938
C,102,102,82.55,0.017523624,79.7964534,0.966643893,37.99145,531,204,450.1116874,9.305044344,1,1,1,296.9229914,445.384487,693.0150725,296.9229914,2.047212764,76.06765355
R,80,320,92,0.014866786,200,2.173913043,17.385,352,210,1168,5.233108672,0.75,1,4,150.6431899,112.9823924,193.9789021,112.9823924,0.77898648,83.70670795
S,100,100,107,0.009786893,100,0.934579439,34.016175,324,211,828,3.170953332,0.85,1,1,238.8155254,358.2232881,428.0220286,238.8155254,1.646575732,145.8799133
C,150,150,93,0.016249617,117.8097245,1.266771231,25.125,464,214,617.3229564,7.539822288,0.85,1,1,205.2451264,307.8676896,411.8253323,205.2451264,1.415115888,81.24320629
C,150,150,95,0.008726646,117.8097245,1.240102363,35.475,494,214,620.4645491,4.310963124,1,1,1,286.9208407,430.381261,582.7680311,286.9208407,1.978250335,116.6061611
S,201,201,82,0.0089,201,2.451219512,12.354,510,215,1132,4.539,0.75,1,1,126.9889565,190.4834347,155.4829449,126.9889565,0.875558378,81.27276942
S,100,100,107,0.010569844,100,0.934579439,24.323895,304,216,828,3.213232576,0.85,1,1,201.9465221,302.9197832,361.9428005,201.9465221,1.392372803,123.3585676
C,254,254,130,0.00724359,199.4911335,1.534547181,24.89095,305,216,1002.168056,2.20929495,0.85,1,1,204.2869171,306.4303756,367.1419191,204.2869171,1.408509264,183.5030503
C,254,254,130,0.00724359,199.4911335,1.534547181,24.89095,305,220,1002.168056,2.20929495,0.85,1,1,204.2869171,306.4303756,367.1419191,204.2869171,1.408509264,183.5030503
R,100,300,92,0.014866786,200,2.173913043,19.475,352,220,1168,5.233108672,0.75,1,3,159.4413229,132.8677691,205.3080048,132.8677691,0.91609138,98.43944089
S,200,200,75,0.014959965,200,2.666666667,11.55,480,221,1100,7.1807832,0.75,1,1,122.7872147,184.1808221,145.1121629,122.7872147,0.846588377,69.84348829
S,150,150,75,0.014959965,150,2,23.7,480,227,900,7.1807832,0.75,1,1,175.8880479,263.8320719,234.5173972,175.8880479,1.212705877,81.85758485
C,150,150,102,0.010266643,117.8097245,1.154997299,31.575,650,227,631.4601234,6.67331795,0.85,1,1,230.0866908,345.1300361,486.7032743,230.0866908,1.586392512,102.1777711
C,203,203,121.55821,0.006645023,159.5929068,1.312892885,15.2877447,450,230,828.6864984,2.99026035,0.75,1,1,141.26477,211.897155,277.8505864,141.26477,0.973986686,98.11315721
S,150,150,75,0.014959965,150,2,27,480,235,900,7.1807832,0.85,1,1,212.765741,319.1486116,283.6876547,212.765741,1.466968721,99.02031382
S,160,160,80,0.013962634,160,2,31.875,525,236,960,7.33038285,0.85,1,1,231.1771551,346.7657327,308.2362068,231.1771551,1.593911002,122.4122724
S,130,130,96,0.014577466,130,1.354166667,29.3,526,236,904,7.667747116,0.85,1,1,221.6428003,332.4642004,346.1942854,221.6428003,1.528173913,132.6209447
C,356,356,130,0.00724359,279.2875869,2.148366053,24.89095,305,239,1322.610507,2.20929495,0.85,1,1,204.2869171,306.4303756,302.9380165,204.2869171,1.408509264,242.1780068
C,300,300,80,0.0202,235.619449,2.945243113,15.62,403,239,1068.141502,8.1406,0.75,1,1,142.7916035,214.1874053,178.3416349,142.7916035,0.984513836,84.12794348
C,221,221,82,0.01327,173.5729941,2.116743831,19.17,456,240,823.0972752,6.05112,0.75,1,1,158.1878824,237.2818236,236.6865703,158.1878824,1.090667484,73.61342999
C,150,150,90,0.005817764,117.8097245,1.308996939,31.825,620,240,612.6105675,3.60701368,0.85,1,1,230.9957685,346.4936528,454.8589772,230.9957685,1.592660385,87.81118605
S,120,120,107,0.009802577,120,1.121495327,52.44,749,240,908,7.342130173,1,1,1,348.8447843,523.2671764,585.5060036,348.8447843,2.405201065,233.6795381
R,120,360,108,0.009711813,240,2.222222222,51.52,749,241,1392,7.274147937,1,1,3,345.771202,288.1426684,441.1563612,288.1426684,1.986674544,298.6684786
S,203,203,124,0.01,203,1.637096774,17.86,255,242,1308,2.55,0.75,1,1,152.6872887,229.030933,221.0930617,152.6872887,1.05274221,170.7462356
C,356,356,130,0.00724359,279.2875869,2.148366053,24.89095,305,243,1322.610507,2.20929495,0.85,1,1,204.2869171,306.4303756,302.9380165,204.2869171,1.408509264,242.1780068
C,356,356,130,0.00724359,279.2875869,2.148366053,24.89095,305,243,1322.610507,2.20929495,0.85,1,1,204.2869171,306.4303756,302.9380165,204.2869171,1.408509264,242.1780068
C,152,152,80.79121,0.014994045,119.6946801,1.481531005,49.47229464,450,243,604.4286193,6.74732025,1,1,1,338.8300499,508.2450749,622.3136609,338.8300499,2.336151875,114.0800958
S,130,130,100,0.007479983,130,1.3,34.7,550,243,920,4.11399065,0.85,1,1,241.2040278,361.8060417,382.780305,241.2040278,1.663043883,152.9999216
R,201,402,82,0.01255,301.5,3.676829268,11.999,491,244,1534,6.16205,0.75,1,2,125.1511033,125.1511033,129.4750984,125.1511033,0.862886821,108.5407254
C,150,150,100,0.012466638,117.8097245,1.178097245,30.825,650,244,628.3185307,8.1033147,0.85,1,1,227.3376471,341.0064707,475.4879265,227.3376471,1.567438516,98.48499211
R,229,432,80,0.013368479,330.2,4.1275,14.196805,490,245,1642,6.55055471,0.75,1,1.886462882,136.1311347,140.2276735,134.3901153,134.3901153,0.926587591,121.716454
C,229,229,80,0.009817477,179.5420202,2.244275252,22.2742975,490,245,845.0884238,4.81056373,0.75,1,1,170.5156182,255.7734273,246.6758225,170.5156182,1.175664264,79.4831607
C,221,221,82,0.00893,173.5729941,2.116743831,15.904,559,245,823.0972752,4.99187,0.75,1,1,144.0838616,216.1257924,215.5836118,144.0838616,0.993423645,67.05006158
R,120,240,109,0.009622713,180,1.651376147,53.36,749,246,1156,7.207412037,1,1,2,351.8915215,351.8915215,507.7465898,351.8915215,2.426207587,305.7116297
C,150,150,93,0.016249617,117.8097245,1.266771231,39.975,464,248,617.3229564,7.539822288,1,1,1,304.5756143,456.8634214,611.1324334,304.5756143,2.099975762,120.5616908
S,160,160,80,0.013962634,160,2,26.55,525,248,960,7.33038285,0.85,1,1,210.9852433,316.4778649,281.3136577,210.9852433,1.454692616,111.7203085
C,356,356,130,0.00724359,279.2875869,2.148366053,24.89095,305,249,1322.610507,2.20929495,0.85,1,1,204.2869171,306.4303756,302.9380165,204.2869171,1.408509264,242.1780068
S,150,150,95,0.008445262,150,1.578947368,66.5,490,249,980,4.13817838,1,1,1,392.8363934,589.2545901,577.2289863,392.8363934,2.708512652,252.1623373
R,120,480,108,0.009711813,300,2.777777778,51.52,749,251,1632,7.274147937,1,1,4,345.771202,259.3284015,401.7047788,259.3284015,1.78800709,315.1467394
R,133,267,91,0.015030435,200,2.197802198,21.185,352,252,1164,5.29071312,0.75,1,2.007518797,166.2939273,165.9825155,213.1533845,165.9825155,1.144409609,121.2203518
S,203,203,114,0.011,203,1.780701754,36.385,255,254,1268,2.805,1,1,1,290.5775664,435.8663496,406.5335984,290.5775664,2.003462582,289.6043042
S,203,203,124,0.01,203,1.637096774,13.3,432,254,1308,4.32,0.75,1,1,131.761332,197.6419979,190.7920204,131.761332,0.908462761,147.3452808
C,150,150,117,0.008479332,117.8097245,1.006920722,26.175,441,255,655.0220683,3.739385412,0.85,1,1,209.4899357,314.2349035,478.9357572,209.4899357,1.444382829,110.6939238
S,250,250,107,0.010569844,250,2.336448598,32.152275,304,257,1428,3.213232576,0.85,1,1,232.1804626,348.2706939,290.0629869,232.1804626,1.600828566,244.6000168
S,200,200,134,0.004989427,200,1.492537313,31.54,438,257,1336,2.185369026,0.85,1,1,229.9591331,344.9386996,345.6272,229.9591331,1.585513032,283.8446706
S,200,200,124.7,0.005361534,200,1.603849238,24.7,438,258,1298.8,2.348351892,0.85,1,1,203.5018187,305.2527281,297.1364714,203.5018187,1.4030962,227.2457939
C,300,300,123,0.005377138,235.619449,1.915605277,24.225,448,258,1135.685744,2.408957824,0.85,1,1,201.5355714,302.3033572,319.0400975,201.5355714,1.389539397,194.1037036
C,300,300,125,0.005291103,235.619449,1.884955592,24.525,462,258,1138.827337,2.444489586,0.85,1,1,202.77963,304.169445,323.9648527,202.77963,1.398116882,199.0265652
S,150,150,70,0.015273757,150,2.142857143,71.25,490,258,880,7.48414093,1,1,1,406.6242983,609.9364475,526.7632956,406.6242983,2.803576947,172.7002094
R,160,160,99,0.014622435,160,1.616161616,25.84,416,260,1036,6.08293296,0.85,1,1,208.1450432,312.2175648,302.9756034,208.1450432,1.435110118,147.1905229
S,160,160,80,0.013962634,160,2,29.325,525,262,960,7.33038285,0.85,1,1,221.7373376,332.6060064,295.6497835,221.7373376,1.528825726,117.413727
S,200,200,107,0.006248442,200,1.869158879,33.82,438,264,1228,2.736817596,0.85,1,1,238.125892,357.188838,326.5504904,238.125892,1.641820875,215.7285327
C,230,230,90,0.005817764,180.6415776,2.00712864,31.825,620,265,863.9379797,3.60701368,0.85,1,1,230.9957685,346.4936528,356.1357501,230.9957685,1.592660385,123.836288
C,110,110,118,0.00841498,86.39379797,0.73215083,30.375,628,265,530.9291585,5.28460744,0.85,1,1,225.6721474,338.5082212,614.3966487,225.6721474,1.555955295,97.47996652
S,203,203,111.252,0.010083308,203,1.824686298,19.38,434,266,1257.008,4.376155672,0.75,1,1,159.0519662,238.5779493,220.2955673,159.0519662,1.096625135,153.3570466
S,150,150,70,0.020065525,150,2.142857143,64.6,490,267,880,9.83210725,1,1,1,387.1837765,580.7756648,501.5789832,387.1837765,2.669539215,164.4434914
C,203,203,121.55821,0.006645023,159.5929068,1.312892885,23.58006894,450,271,828.6864984,2.99026035,0.75,1,1,175.4424531,263.1636797,345.0739238,175.4424531,1.209633608,121.8507133
C,150,150,118,0.008407474,117.8097245,0.998387496,24.15,454,275,656.5928646,3.816993196,0.85,1,1,201.223355,301.8350326,462.2414968,201.223355,1.387386739,107.4918103
C,210,210,113,0.008340511,164.9336143,1.459589507,21.945,420,280,837.2344422,3.50301462,0.75,1,1,169.2504954,253.8757431,313.059543,169.2504954,1.166941546,110.4013295
C,170,170,118,0.00841498,133.5176878,1.131505829,30.15,628,280,719.4247177,5.28460744,0.85,1,1,224.8347711,337.2521566,481.1912452,224.8347711,1.550181786,131.5981136
C,240,240,80,0.017951958,188.4955592,2.35619449,41.9,550,281,879.645943,9.8735769,1,1,1,311.8228266,467.7342399,439.5008089,311.8228266,2.149943552,151.2950155
S,200,200,124.7,0.005361534,200,1.603849238,33.535,438,282,1298.8,2.348351892,0.85,1,1,237.1204299,355.6806448,346.2235781,237.1204299,1.634888455,264.7869226
S,250,250,107,0.010569844,250,2.336448598,31.406715,324,283,1428,3.424629456,0.85,1,1,229.4727261,344.2090892,286.6802124,229.4727261,1.582159373,241.7474409
S,200,200,75,0.007479983,200,2.666666667,33.45,480,284,1100,3.59039184,0.85,1,1,236.8197287,355.2295931,279.8778612,236.8197287,1.632815193,134.7071516
S,102,102,118,0.00841498,102,0.86440678,33.975,628,285,880,5.28460744,0.85,1,1,238.6709441,358.0064161,439.3715107,238.6709441,1.645578878,170.8767816
C,150,150,118,0.00841498,117.8097245,0.998387496,30.825,628,285,656.5928646,5.28460744,0.85,1,1,227.3376471,341.0064707,522.2301073,227.3376471,1.567438516,121.4418438
C,150,150,98,0.012721059,117.8097245,1.202140046,39.3,650,286,625.1769381,8.26868835,1,1,1,301.9932026,452.9898039,624.3879254,301.9932026,2.082170653,127.5689608
R,120,600,108,0.009711813,360,3.333333333,52.44,749,287,1872,7.274147937,1,1,5,348.8447843,244.191349,375.6789985,244.191349,1.683640745,340.3914941
C,200,200,80,0.017951958,157.0796327,1.963495408,40,550,288,753.9822369,9.8735769,1,1,1,304.6708388,457.0062582,475.6012194,304.6708388,2.100632312,126.7070602
S,203,203,117,0.019,203,1.735042735,25.935,282,292,1280,5.358,0.85,1,1,208.5273117,312.7909676,294.8706517,208.5273117,1.437745768,215.3166434
S,203,203,119,0.012,203,1.705882353,15.2,432,292,1288,5.184,0.75,1,1,140.8587889,211.2881833,200.5706668,140.8587889,0.971187543,148.8557446
C,150,150,88,0.01285197,117.8097245,1.338746869,33.345,619,294,609.4689748,7.95536943,0.85,1,1,236.4477464,354.6716196,459.6260208,236.4477464,1.630250464,87.43559688
C,150,150,100,0.012466638,117.8097245,1.178097245,35.25,650,294,628.3185307,8.1033147,1,1,1,286.0094963,429.0142445,598.2029993,286.0094963,1.971966835,123.9022368
C,150,150,98,0.012721059,117.8097245,1.202140046,40.875,550,297,625.1769381,6.99658245,1,1,1,307.985149,461.9777235,636.7766115,307.985149,2.123483686,130.1000985
S,203,203,121,0.019,203,1.67768595,13.49,282,301,1296,5.358,0.75,1,1,132.6991469,199.0487203,190.243067,132.6991469,0.91492877,143.4753615
S,450,450,107,0.010569844,450,4.205607477,28.238085,304,301,2228,3.213232576,0.85,1,1,217.5892518,326.3838777,213.2921571,213.2921571,1.470598233,350.5844714
S,225,225,127,0.009584925,225,1.771653543,35.34,445,301,1408,4.265291625,1,1,1,286.3743821,429.5615731,401.4936294,286.3743821,1.974482635,353.06882
S,254,254,117.475,0.011838722,254,2.162162162,13.360572,332,302,1485.9,3.930455704,0.75,1,1,132.0610305,198.0915457,170.4377402,132.0610305,0.910529111,158.9382927
S,200,200,124.7,0.005361534,200,1.603849238,33.535,438,304,1298.8,2.348351892,0.85,1,1,237.1204299,355.6806448,346.2235781,237.1204299,1.634888455,264.7869226
S,225,225,125,0.009738284,225,1.8,28.5,434,306,1400,4.226415256,0.85,1,1,218.5960189,327.8940284,304.4730263,218.5960189,1.507167087,263.754041
C,203,203,121.55821,0.006645023,159.5929068,1.312892885,49.47229464,450,306,828.6864984,2.99026035,1,1,1,338.8300499,508.2450749,666.4374145,338.8300499,2.336151875,235.3289214
C,201,201,83,0.0093,157.8650308,1.901988323,13.277,500,307,761.8362185,4.65,0.75,1,1,131.6473537,197.4710305,209.2499159,131.6473537,0.907676908,57.39455153
S,152,152,114.3,0.011369979,152,1.329833771,25.213,328,311,1065.2,3.729353112,0.85,1,1,205.6042465,308.4063697,323.4232777,205.6042465,1.417591934,172.5950331
C,150,150,86,0.017899772,117.8097245,1.369880518,33.345,589,313,606.3273821,10.54296571,0.85,1,1,236.4477464,354.6716196,453.5956013,236.4477464,1.630250464,85.00796843
R,114,495,120.65,0.007873666,304.8,2.526315789,24.795,422,314,1700.6,3.322687052,0.85,1,4.342105263,203.8927928,148.9035244,246.5992568,148.9035244,1.026654064,210.6460421
R,152,305,120.65,0.007515772,228.6,1.894736842,28.025,422,315,1396.6,3.171655784,0.85,1,2.006578947,216.7667314,216.4113761,295.6446154,216.4113761,1.492104499,251.4191048
S,120,120,107,0.009802577,120,1.121495327,54.28,749,318,908,7.342130173,1,1,1,354.9121049,532.3681574,595.6894801,354.9121049,2.447033785,237.7438347
C,150,150,98,0.012721059,117.8097245,1.202140046,56.625,550,319,625.1769381,6.99658245,1,1,1,362.4974869,543.7462303,749.483935,362.4974869,2.499333173,153.1273794
R,152,457,117.348,0.008595537,304.8,2.597402597,24.605,419,320,1687.392,3.601530003,0.85,1,3.006578947,203.110092,169.1102626,242.8059414,169.1102626,1.165974674,230.8768918
S,150,150,95,0.014785123,150,1.578947368,39.9,490,320,980,7.24471027,1,1,1,304.2897619,456.4346429,447.1196501,304.2897619,2.098004879,195.3241066
S,203,203,121,0.01,203,1.67768595,19.57,432,322,1296,4.32,0.75,1,1,159.8297311,239.7445966,229.1386114,159.8297311,1.101987637,172.8091626
S,120,120,108,0.009711813,120,1.111111111,54.28,749,322,912,7.274147937,1,1,1,354.9121049,532.3681574,597.7467031,354.9121049,2.447033785,241.0228575
C,320,320,80,0.017951958,251.3274123,3.141592654,38,550,324,1130.973355,9.8735769,1,1,1,296.9564008,445.4346013,358.5318852,296.9564008,2.047443114,185.2481487
S,254,254,114.3,0.030783005,254,2.222222222,12.836628,409,329,1473.2,12.59024905,0.75,1,1,129.4457016,194.1685524,165.1548607,129.4457016,0.892497046,150.2845723
S,203,203,102,0.017,203,1.990196078,18.335,282,330,1220,4.794,0.75,1,1,154.7043812,232.0565718,206.6951979,154.7043812,1.066649579,132.7337734
S,200,200,100,0.009708738,200,2,37.43,488,330,1200,4.737864144,1,1,1,294.7208127,442.0812191,392.9610836,294.7208127,2.032029271,243.8433282
S,100,100,88,0.018359957,100,1.136363636,84.88725,550,330,752,10.09797635,1,1,1,443.8355906,665.7533858,741.2998693,443.8355906,3.060139876,202.5076634
S,200,200,100,0.014945441,200,2,70.3,471,331,1200,7.039302711,1,1,1,403.9043728,605.8565593,538.5391638,403.9043728,2.784823714,334.1785931
R,120,240,107,0.009802577,180,1.682242991,52.44,749,331,1148,7.342130173,1,1,2,348.8447843,348.8447843,499.5651789,348.8447843,2.405201065,295.4450547
C,150,150,122,0.016263638,117.8097245,0.96565348,27,439,332,662.8760499,7.139737082,0.85,1,1,212.765741,319.1486116,497.9707158,212.765741,1.466968721,118.6349589
C,300,300,122,0.010906204,235.619449,1.931306959,23.025,459,332,1134.114948,5.005947636,0.75,1,1,173.3652201,260.0478302,273.1765532,173.3652201,1.195311585,165.3856048
C,300,300,120,0.011087974,235.619449,1.963495408,25.2,461,332,1130.973355,5.111556014,0.85,1,1,205.5512341,308.3268512,320.8722502,205.5512341,1.417226427,192.3412939
S,254,254,114.3,0.02552544,254,2.222222222,12.967614,321,334,1473.2,8.19366624,0.75,1,1,130.1044626,195.1566939,165.9953489,130.1044626,0.897039045,151.0493842
S,254,254,111.252,0.015124962,254,2.283105023,17.765,403,334,1461.008,6.095359686,0.75,1,1,152.280664,228.420996,192.0981394,152.280664,1.049938631,170.6569612
C,150,150,121,0.016398048,117.8097245,0.973634087,29.475,436,334,661.3052536,7.149548928,0.85,1,1,222.3037174,333.4555761,517.9042573,222.3037174,1.532730779,122.6458602
S,203,203,119,0.015,203,1.705882353,27.74,282,335,1288,4.23,0.85,1,1,215.6617111,323.4925666,307.0835234,215.6617111,1.486935739,227.9054424
S,200,200,75,0.014959965,200,2.666666667,26.4,480,338,1100,7.1807832,0.85,1,1,210.3883956,315.5825934,248.6408311,210.3883956,1.450577494,119.6725528
S,203,203,117,0.015,203,1.735042735,14.725,282,339,1280,4.23,0.75,1,1,138.6404016,207.9606024,196.0461929,138.6404016,0.955892295,143.1543219
S,203,203,117,0.012,203,1.735042735,19.95,432,339,1280,5.184,0.75,1,1,161.3740156,242.0610233,228.1929439,161.3740156,1.112635108,166.6281078
C,150,150,98,0.012721059,117.8097245,1.202140046,57,550,341,625.1769381,6.99658245,1,1,1,363.695829,545.5437434,751.9615746,363.695829,2.507595454,153.633587
S,203,203,114.3,0.010501726,203,1.776027997,21.09,399,343,1269.2,4.190188674,0.75,1,1,165.9206521,248.8809781,232.3830374,165.9206521,1.143983075,165.9569959
S,200,200,124.7,0.005361534,200,1.603849238,33.535,438,343,1298.8,2.348351892,0.85,1,1,237.1204299,355.6806448,346.2235781,237.1204299,1.634888455,264.7869226
S,254,254,117.475,0.011838722,254,2.162162162,34.973262,332,351,1485.9,3.930455704,0.85,1,1,242.1519044,363.2278566,312.5208339,242.1519044,1.669579265,291.435029
S,254,254,114.3,0.038059911,254,2.222222222,12.116205,321,356,1473.2,12.21723143,0.75,1,1,125.7608495,188.6412743,160.4534976,125.7608495,0.867090875,146.0065127
S,254,254,117.475,0.011838722,254,2.162162162,27.572553,332,356,1485.9,3.930455704,0.85,1,1,215.0098263,322.5147395,277.4913143,215.0098263,1.48244115,258.7689538
S,254,254,117.475,0.011838722,254,2.162162162,19.254942,332,356,1485.9,3.930455704,0.75,1,1,158.5379592,237.8069388,204.6088191,158.5379592,1.093081179,190.8038462
S,150,150,95,0.014785123,150,1.578947368,65.55,490,356,980,7.24471027,1,1,1,390.0203256,585.0304884,573.0910907,390.0203256,2.68909654,250.3546987
S,150,150,95,0.011968909,150,1.578947368,70.3,490,356,980,5.86476541,1,1,1,403.9043728,605.8565593,593.4921397,403.9043728,2.784823714,259.2668918
C,203,203,113.2979,0.021388491,159.5929068,1.408613112,23.58006894,450,357,815.7112338,9.62482095,0.75,1,1,175.4424531,263.1636797,331.4013511,175.4424531,1.209633608,111.7922816
R,120,360,106,0.009895054,240,2.264150943,49.68,749,358,1384,7.411395446,1,1,3,339.54058,282.9504833,429.8230463,282.9504833,1.950875674,286.2010486
S,320,320,99,0.014622435,320,3.232323232,31.16,416,360,1676,6.08293296,0.85,1,1,228.5696392,342.8544588,249.2991053,228.5696392,1.575932806,261.4848772
R,120,240,106,0.009895054,180,1.698113208,53.36,749,361,1144,7.411395446,1,1,2,351.8915215,351.8915215,501.9990936,351.8915215,2.426207587,294.2114144
C,226,226,109,0.012009146,177.4999849,1.628440229,39.6,541,362,881.2167393,6.496947986,1,1,1,303.143657,454.7154856,526.5381352,303.143657,2.090102761,200.7597041
S,225,225,127,0.009584925,225,1.771653543,54.245,445,363,1408,4.265291625,1,1,1,354.797662,532.196493,497.4222903,354.797662,2.446244728,437.4273667
S,254,254,117.475,0.011838722,254,2.162162162,23.970438,332,365,1485.9,3.930455704,0.75,1,1,176.8887206,265.3330809,228.2922804,176.8887206,1.219605275,212.8893826
S,250,250,120,0.00837758,250,2.083333333,34.96,430,365,1480,3.6023594,0.85,1,1,242.1059876,363.1589814,317.3551459,242.1059876,1.669262679,296.4608278
C,160,160,128,0.010471976,125.6637061,0.981747704,32.175,485,365,703.7167544,5.07890836,0.85,1,1,232.2624998,348.3937498,538.5966779,232.2624998,1.601394193,144.2466653
S,150,150,125,0.006418399,150,1.2,64.6,490,365,1100,3.14501551,1,1,1,387.1837765,580.7756648,633.5734525,387.1837765,2.669539215,367.0613647
S,200,200,75,0.014959965,200,2.666666667,35.85,480,368,1100,7.1807832,1,1,1,288.433349,432.6500235,340.8757761,288.433349,1.988678717,164.0658702
S,200,200,100,0.014945441,200,2,71.25,471,371,1200,7.039302711,1,1,1,406.6242983,609.9364475,542.1657311,406.6242983,2.803576947,336.4289794
S,203,203,114,0.011,203,1.780701754,31.16,432,377,1268,4.752,0.85,1,1,228.5696392,342.8544588,319.7811829,228.5696392,1.575932806,227.8040668
S,203,203,114.3,0.010501726,203,1.776027997,21.8785,482,378,1269.2,5.061831932,0.75,1,1,168.9938607,253.490791,236.6872729,168.9938607,1.165172111,169.0308777
S,254,254,114.3,0.010495366,254,2.222222222,22.135,399,389,1473.2,4.187651034,0.75,1,1,169.9816024,254.9724037,216.873079,169.9816024,1.171982353,197.3461621
C,160,160,128,0.010471976,125.6637061,0.981747704,31.2,485,390,703.7167544,5.07890836,0.85,1,1,228.7162992,343.0744489,530.3733449,228.7162992,1.576943991,142.0442968
S,254,254,114.3,0.010495366,254,2.222222222,23.256,482,392,1473.2,5.058766412,0.75,1,1,174.2326994,261.3490492,222.2968924,174.2326994,1.201292647,202.2816237
R,457,152,114.3,0.011369979,304.5,2.664041995,26.201,328,394,1675.2,3.729353112,0.85,1,3.006578947,209.5939545,174.5087521,247.8043137,174.5087521,1.203195963,230.3822061
S,203,203,117,0.012,203,1.735042735,27.835,432,394,1280,5.184,0.85,1,1,216.0306792,324.0460188,305.4808823,216.0306792,1.489479686,223.0643092
R,120,480,106,0.009895054,300,2.830188679,49.68,749,395,1624,7.411395446,1,1,4,339.54058,254.655435,391.3916045,254.655435,1.755788107,302.2481594
S,150,150,120,0.009496922,150,1.25,28.5,490,396,1080,4.65349178,0.85,1,1,218.5960189,327.8940284,352.1824749,218.5960189,1.507167087,195.3287069
S,450,450,107,0.010569844,450,4.205607477,30.288375,324,397,2228,3.424629456,0.85,1,1,225.3501259,338.0251889,220.8997644,220.8997644,1.523050859,363.0889583
S,254,254,114.3,0.02552544,254,2.222222222,18.534519,321,400,1473.2,8.19366624,0.75,1,1,155.5438398,233.3157597,198.4524853,155.5438398,1.072437445,180.5841302
S,254,254,114.3,0.02552544,254,2.222222222,27.048609,321,400,1473.2,8.19366624,0.85,1,1,212.9571795,319.4357693,271.7039877,212.9571795,1.468288643,247.2401805
S,356,356,117.475,0.011838722,355.6,3.027027027,24.821847,332,400,1893.9,3.930455704,0.85,1,1,204.0031463,306.0047194,228.5408287,204.0031463,1.406552733,312.9379177
R,120,360,107,0.009802577,240,2.242990654,55.2,749,400,1388,7.342130173,1,1,3,357.9071969,298.2559974,454.8618843,298.2559974,2.056403521,305.4085945
R,120,480,107,0.009802577,300,2.803738318,51.52,749,404,1628,7.342130173,1,1,4,345.771202,259.3284015,400.1430864,259.3284015,1.78800709,311.4634476
S,200,200,100,0.022637947,200,2,60.515,471,405,1200,10.66247304,1,1,1,374.7420354,562.1130531,499.6560472,374.7420354,2.583756396,310.0505332
C,150,150,98,0.012721059,117.8097245,1.202140046,78.975,650,405,625.1769381,8.26868835,1,1,1,428.1004751,642.1507127,885.1218016,428.1004751,2.951650032,180.8396092
C,300,300,124,0.010988859,235.619449,1.900156847,23.1,451,408,1137.256541,4.955975409,0.75,1,1,173.6473444,260.4710165,276.1588831,173.6473444,1.197256764,168.836795
S,203,203,117,0.015,203,1.735042735,31.16,282,411,1280,4.23,0.85,1,1,228.5696392,342.8544588,323.2117554,228.5696392,1.575932806,236.0115186
S,203,203,124,0.01,203,1.637096774,37.335,432,411,1308,4.32,1,1,1,294.3465639,441.5198459,426.2174251,294.3465639,2.029448915,329.1601297
S,150,150,90,0.023766186,150,1.666666667,62.7,490,418,960,11.64543114,1,1,1,381.4474035,572.1711052,548.3306425,381.4474035,2.629988299,227.2308173
S,200,200,75,0.014959965,200,2.666666667,36.075,480,421,1100,7.1807832,1,1,1,289.3370588,434.0055882,341.9437968,289.3370588,1.99490958,164.5799159
S,203,203,121,0.019,203,1.67768595,30.875,282,422,1296,5.358,0.85,1,1,227.5219501,341.2829251,326.1850179,227.5219501,1.568709241,245.9985224
R,120,600,108,0.009711813,360,3.333333333,61.64,749,426,1872,7.274147937,1,1,5,378.2093033,264.7465123,407.3023267,264.7465123,1.825363663,369.0444451
C,300,300,128,0.010645457,235.619449,1.840776945,24.3,456,430,1143.539726,4.854328392,0.85,1,1,201.8473049,302.7709574,326.8576926,201.8473049,1.391688724,203.7056178
S,203,203,124,0.017,203,1.637096774,39.33,432,431,1308,7.344,1,1,1,302.1084452,453.1626677,437.4567241,302.1084452,2.082965223,337.8400402
S,305,305,114.3,0.015192402,305,2.668416448,19.779,481,433,1677.2,7.307545362,0.75,1,1,160.6809243,241.0213864,189.8433815,160.6809243,1.107856409,212.3803003
S,356,356,114.3,0.02552544,355.6,3.111111111,20.826774,321,436,1881.2,8.19366624,0.75,1,1,164.8819663,247.3229495,182.6217654,164.8819663,1.136821586,244.4405115
S,150,150,120,0.011170107,150,1.25,65.55,490,436,1080,5.47335243,1,1,1,390.0203256,585.0304884,628.3660802,390.0203256,2.68909654,348.5066483
S,254,254,122.174,0.0156,254,2.079002079,28.6245925,331,440,1504.696,5.1636,0.85,1,1,219.0733123,328.6099684,287.4135353,219.0733123,1.510457911,277.674411
S,225,225,127,0.009584925,225,1.771653543,63.745,445,443,1408,4.265291625,1,1,1,384.6129963,576.9194945,539.2230503,384.6129963,2.651814303,474.186468
S,254,254,114.3,0.038059911,254,2.222222222,21.481704,321,445,1473.2,12.21723143,0.75,1,1,167.4543832,251.1815748,213.6486958,167.4543832,1.154557783,194.4120974
R,120,600,109,0.009622713,360,3.302752294,57.96,749,446,1876,7.207412037,1,1,5,366.7457426,256.7220198,396.4607494,256.7220198,1.770036713,361.9439137
S,100,100,75,0.014959965,100,1.333333333,35.85,480,451,700,7.1807832,1,1,1,288.433349,432.6500235,453.2524055,288.433349,1.988678717,104.4055538
S,254,254,123.952,0.0154,254,2.049180328,28.1005725,331,464,1511.808,5.0974,0.85,1,1,217.0588023,325.5882034,286.4942793,217.0588023,1.496568348,280.444163
S,254,254,114.3,0.02552544,254,2.222222222,35.562699,321,467,1473.2,8.19366624,1,1,1,287.2752753,430.912913,366.5236271,287.2752753,1.980694077,333.5224062
C,201,201,177,0.006180182,157.8650308,0.89189283,22.895,586,478,909.4910732,3.621586652,0.75,1,1,172.8751141,259.3126712,422.8773101,172.8751141,1.191932422,191.8770409
C,102,102,82.55,0.017523624,79.7964534,0.966643893,37.99145,531,479,450.1116874,9.305044344,1,1,1,296.9229914,445.384487,693.0150725,296.9229914,2.047212764,76.06765355
S,250,250,124,0.015387541,250,2.016129032,33.304,488,483,1496,7.509120008,0.85,1,1,236.3023372,354.4535058,314.0167423,236.3023372,1.629247903,302.2317745
S,200,200,100,0.022637947,200,2,70.965,471,489,1200,10.66247304,1,1,1,405.8102349,608.7153523,541.0803132,405.8102349,2.797964175,335.7554473
S,150,150,120,0.009496922,150,1.25,66.5,490,489,1080,4.65349178,1,1,1,392.8363934,589.2545901,632.9030783,392.8363934,2.708512652,351.0229744
C,300,300,120,0.022710308,235.619449,1.963495408,27.675,436,491,1130.973355,9.901694288,0.85,1,1,215.4088951,323.1133426,336.2603838,215.4088951,1.485192633,201.5654432
S,356,356,114.3,0.038059911,355.6,3.111111111,23.773959,321,498,1881.2,12.21723143,0.75,1,1,176.1622752,264.2434127,195.1157328,176.1622752,1.214596608,261.1637743
S,220,220,95,0.014785123,220,2.315789474,68.4,490,498,1260,7.24471027,1,1,1,398.4088192,597.6132288,499.5920114,398.4088192,2.74693319,328.8076544
C,202,202,172,0.004437278,158.650429,0.922386215,31.065,621,503,904.7786842,2.755549638,0.85,1,1,228.2209439,342.3314158,547.9624518,228.2209439,1.573528635,244.8753839
S,254,254,114.3,0.020591486,254,2.222222222,41.719041,341,505,1473.2,7.021696726,1,1,1,311.148743,466.7231146,396.9828791,311.148743,2.145295908,361.2391541
S,254,254,114.3,0.02552544,254,2.222222222,26.524665,321,512,1473.2,8.19366624,0.85,1,1,210.8845543,316.3268314,269.0596037,210.8845543,1.453998389,244.8338928
C,201,201,173,0.004412349,157.8650308,0.912514629,31.065,621,530,903.2078879,2.740068729,0.85,1,1,228.2209439,342.3314158,551.243759,228.2209439,1.573528635,245.8714754
S,203,203,117,0.019,203,1.735042735,30.59,322,531,1280,6.118,0.85,1,1,226.4694142,339.7041213,320.241906,226.4694142,1.561452258,233.8429135
S,254,254,114.3,0.038059911,254,2.222222222,25.214805,321,534,1473.2,12.21723143,0.85,1,1,205.6116059,308.4174089,262.332049,205.6116059,1.417642676,238.7120767
S,356,356,114.3,0.02552544,355.6,3.111111111,26.393679,321,534,1881.2,8.19366624,0.85,1,1,210.3632072,315.5448108,232.9963739,210.3632072,1.450403827,311.8672776
C,202,202,176,0.004339216,158.650429,0.901422892,31.065,621,537,911.0618695,2.694653136,0.85,1,1,228.2209439,342.3314158,554.9903668,228.2209439,1.573528635,252.3102308
C,300,300,119,0.022901151,235.619449,1.97999537,27.675,448,540,1129.402559,10.25971565,0.85,1,1,215.4088951,323.1133426,334.6709823,215.4088951,1.485192633,199.6081121
S,260,260,210,0.003252166,260,1.238095238,28.5,577,540,1880,1.876499782,0.85,1,1,218.5960189,327.8940284,353.4744135,218.5960189,1.507167087,595.0291164
S,400,400,109,0.009223024,400,3.669724771,28.31,428,541,2036,3.947454272,0.85,1,1,217.866147,326.7992205,225.5706473,217.866147,1.502134796,333.3595105
S,150,150,120,0.016755161,150,1.25,70.3,490,543,1080,8.21002889,1,1,1,403.9043728,605.8565593,650.7348229,403.9043728,2.784823714,360.9128805
S,254,254,114.3,0.038059911,254,2.222222222,32.811993,321,547,1473.2,12.21723143,0.85,1,1,234.5503705,351.8255558,299.253921,234.5503705,1.617168513,272.3095604
S,260,260,210,0.003252166,260,1.238095238,29.3,555,550,1880,1.80495213,0.85,1,1,221.6428003,332.4642004,358.4011238,221.6428003,1.528173913,603.3226051
C,240,240,201,0.007876442,188.4955592,0.937788852,20.1,720,558,1069.712299,5.67103824,0.75,1,1,161.9795487,242.9693231,385.3509501,161.9795487,1.116810113,240.1275867
S,300,300,95,0.014785123,300,3.157894737,67.45,490,560,1580,7.24471027,1,1,1,395.6324173,593.4486259,435.6964595,395.6324173,2.727790565,409.4410544
S,254,254,114.3,0.030783005,254,2.222222222,48.006369,325,578,1473.2,10.00447662,1,1,1,333.7723235,500.6584853,425.8474473,333.7723235,2.301280065,387.5048012
S,508,508,125.476,0.0152,508,4.048582996,33.668285,331,579,2533.904,5.0312,0.85,1,1,237.5911806,356.386771,236.4479993,236.4479993,1.630252208,518.3287418
S,508,508,125.476,0.0152,508,4.048582996,33.930295,336,580,2533.904,5.1072,0.85,1,1,238.5138683,357.7708025,237.3662475,237.3662475,1.636583308,520.3416765
S,200,200,150,0.00877193,200,1.333333333,37.43,465,583,1400,4.07894745,1,1,1,294.7208127,442.0812191,463.1327057,294.7208127,2.032029271,426.7258243
S,152,152,165.1,0.00752229,152,0.920654149,42.70763,419,600,1268.4,3.15183951,1,1,1,314.8137034,472.2205551,567.1809169,314.8137034,2.17056493,454.5438228
S,200,200,75,0.014959965,200,2.666666667,35.85,480,623,1100,7.1807832,1,1,1,288.433349,432.6500235,340.8757761,288.433349,1.988678717,164.0658702
C,300,300,171,0.011758008,235.619449,1.377891515,25.745,515,626,1211.083968,6.05537412,0.85,1,1,207.7620713,311.6431069,397.2324062,207.7620713,1.432469619,296.657585
C,300,300,143,0.014829196,235.619449,1.647688455,32.4,558,628,1167.101671,8.274691368,0.85,1,1,233.0731917,349.6097875,402.1112569,233.0731917,1.606983719,268.1982111
S,150,150,120,0.023466612,150,1.25,76,490,645,1080,11.49863988,1,1,1,419.9597695,629.9396543,676.6018509,419.9597695,2.89552182,375.2593443
C,240,240,201,0.010756001,188.4955592,0.937788852,20.4,725,661,1069.712299,7.798100725,0.75,1,1,163.1838742,244.7758113,388.2160524,163.1838742,1.125113649,241.9129465
C,175,175,172,0.01242025,137.4446786,0.799096969,34.2,500,668,819.9556826,6.210125,0.85,1,1,239.4599411,359.1899116,622.0389457,239.4599411,1.651018823,232.8469338
C,402,402,170,0.006425985,315.7300617,1.857235657,31.065,612,686,1529.955622,3.93270282,0.85,1,1,228.2209439,342.3314158,367.6966538,228.2209439,1.573528635,409.2626177
C,399,399,172,0.006353783,313.3738672,1.821941088,31.065,612,696,1523.672437,3.888515196,0.85,1,1,228.2209439,342.3314158,371.7380394,228.2209439,1.573528635,412.3769485
C,175,175,172,0.01242025,137.4446786,0.799096969,38.665,500,789,819.9556826,6.210125,1,1,1,299.5434999,449.3152498,778.1164651,299.5434999,2.065280541,291.2712046
C,406,406,175,0.006248472,318.8716543,1.822123739,31.065,612,799,1550.375975,3.824064864,0.85,1,1,228.2209439,342.3314158,371.7167935,228.2209439,1.573528635,426.9228508
C,250,250,200,0.010471976,196.3495408,0.981747704,32.7,530,825,1099.557429,5.55014728,0.85,1,1,234.1497479,351.2246219,542.9730432,234.1497479,1.614406316,355.0262233
S,300,300,190,0.012956935,300,1.578947368,32.2,531,825,1960,6.880132485,0.85,1,1,232.3527164,348.5290746,341.4162363,232.3527164,1.602016215,596.5903876
C,250,250,194,0.008636681,196.3495408,1.012111035,81.415,620,889,1090.132651,5.35474222,1,1,1,434.6634334,651.9951501,990.8587367,434.6634334,2.996900054,633.8011294
S,200,200,200,0.008264463,200,1,37.43,465,904,1600,3.842975295,1,1,1,294.7208127,442.0812191,515.7614222,294.7208127,2.032029271,650.2488752
C,250,250,201,0.006251926,196.3495408,0.976863387,103.36,633,960,1101.128225,3.957469158,1,1,1,489.7530427,734.6295641,1138.871965,489.7530427,3.376729689,747.3601214
C,250,250,200,0.00837758,196.3495408,0.981747704,84.675,643,965,1099.557429,5.38678394,1,1,1,443.2803655,664.9205482,1027.928884,443.2803655,3.056311733,672.1175461
C,250,250,200,0.00837758,196.3495408,0.981747704,86.735,627,1021,1099.557429,5.25274266,1,1,1,448.640095,672.9601426,1040.357634,448.640095,3.093265782,680.2441598
S,260,260,210,0.014959965,260,1.238095238,27.7,573,1024,1880,8.572059945,0.85,1,1,215.5061671,323.2592506,348.4780574,215.5061671,1.485863301,586.6183878
C,250,250,200,0.012566371,196.3495408,0.981747704,87.02,596,1041,1099.557429,7.489557116,1,1,1,449.3765772,674.0648658,1042.065472,449.3765772,3.09834365,681.3608404
S,350,350,260,0.011000691,350,1.346153846,28.888,524,1046,2440,5.764362084,0.85,1,1,220.0789756,330.1184635,344.5498717,220.0789756,1.517391718,962.6325785
C,901,901,173,0.011108394,707.6437452,4.090426273,22.895,576,1079,3102.322745,6.398434944,0.75,1,1,172.8751141,259.3126712,182.8407917,172.8751141,1.191932422,639.7118346
S,200,200,160,0.009424778,200,1.25,28.2,480,1099,1440,4.52389344,0.85,1,1,217.4424699,326.1637048,350.3239792,217.4424699,1.499213643,345.4185624
S,150,150,200,0.017453293,150,0.75,87.9795,550,1100,1400,9.59931115,1,1,1,451.8472436,677.7708654,871.4196841,451.8472436,3.115378301,872.3052651
C,897,897,172,0.011170107,704.5021526,4.095942747,22.895,576,1107,3088.185578,6.433981632,0.75,1,1,172.8751141,259.3126712,182.7223135,172.8751141,1.191932422,633.1157863
C,899,899,174,0.011047359,706.0729489,4.057890511,22.895,576,1111,3097.610356,6.363278784,0.75,1,1,172.8751141,259.3126712,183.5455416,172.8751141,1.191932422,642.4322598
S,300,300,271,0.010366627,300,1.10701107,12.3,270,1165,2284,2.79898929,0.75,1,1,126.7111147,190.0666721,213.7001813,126.7111147,0.873642726,540.7529873
S,150,150,200,0.017453293,150,0.75,70.0245,550,1200,1400,9.59931115,1,1,1,403.1121617,604.6682425,777.4305975,403.1121617,2.779361608,778.2206621
S,150,150,200,0.026179939,150,0.75,80.09925,550,1250,1400,14.39896645,1,1,1,431.1368232,646.7052348,831.4781591,431.1368232,2.972584923,832.3231495
S,150,150,200,0.017453293,150,0.75,86.48325,550,1300,1400,9.59931115,1,1,1,447.9885287,671.982793,863.9778767,447.9885287,3.088773388,864.855895
C,250,250,246,0.011858509,196.3495408,0.798168865,31.16,500,1356,1171.81406,5.9292545,0.85,1,1,228.5696392,342.8544588,594.1231589,228.5696392,1.575932806,454.2879105
S,200,200,300,0.007575758,200,0.666666667,37.43,468,1381,2000,3.545454744,1,1,1,294.7208127,442.0812191,589.4416254,294.7208127,2.032029271,1219.216641
S,150,150,200,0.017453293,150,0.75,118.7025,550,1400,1400,9.59931115,1,1,1,524.8447114,787.2670672,1012.200515,524.8447114,3.618678323,1013.229165
S,150,150,200,0.026179939,150,0.75,89.27625,550,1450,1400,14.39896645,1,1,1,455.165003,682.7475045,877.8182201,455.165003,3.138253456,878.7103037
S,150,150,200,0.026179939,150,0.75,97.755,550,1450,1400,14.39896645,1,1,1,476.2888147,714.4332221,918.5569998,476.2888147,3.283897068,919.4904842
S,150,150,200,0.026179939,150,0.75,107.82975,550,1550,1400,14.39896645,1,1,1,500.2305273,750.345791,964.7303027,500.2305273,3.448969431,965.7107108
S,300,300,473,0.006006482,300,0.634249471,13.05,270,1659,3092,1.62175014,0.75,1,1,130.5170989,195.7756483,264.9176302,130.5170989,0.899884073,1316.09386
C,500,500,240,0.013089969,392.6990817,1.636246174,26.175,544,1662,1947.787445,7.120943136,0.85,1,1,209.4899357,314.2349035,362.8716166,209.4899357,1.444382829,675.2036674
S,200,200,275,0.014874965,200,0.727272727,64.13925,550,2050,1900,8.18123075,1,1,1,385.80054,578.70081,751.2957884,385.80054,2.660002131,1389.850063
S,520,520,456,0.003266113,520,1.140350877,32.4,520,2153,3904,1.69837876,0.85,1,1,233.0731917,349.6097875,388.7737254,233.0731917,1.606983719,2860.788822
S,300,300,400,0.007575758,300,0.75,37.43,433,2224,2800,3.280303214,1,1,1,294.7208127,442.0812191,568.3901388,294.7208127,2.032029271,2275.871063
S,200,200,275,0.014874965,200,0.727272727,83.49075,550,2250,1900,8.18123075,1,1,1,440.1696291,660.2544436,857.1724356,440.1696291,3.034863952,1585.715217
S,200,200,275,0.02549994,200,0.727272727,89.67525,550,2400,1900,14.024967,1,1,1,456.1809976,684.2714964,888.352469,456.1809976,3.145258495,1643.396322
S,200,200,275,0.014874965,200,0.727272727,111.72,550,2450,1900,8.18123075,1,1,1,509.1741605,763.7612408,991.549681,509.1741605,3.510633635,1834.304688
S,300,300,500,0.007575758,300,0.6,37.43,433,2681,3200,3.280303214,1,1,1,294.7208127,442.0812191,607.8616762,294.7208127,2.032029271,3251.244376
C,800,800,668.5,0.005661232,628.3185307,0.93989309,28.65,622,4915,3563.351467,3.521286304,0.85,1,1,219.1705167,328.755775,520.7585364,219.1705167,1.511128111,3599.656243
